Certamente. Per la pagina dedicata a Gabriele D'Annunzio, dobbiamo adottare uno stile che rifletta la sua stessa estetica: magniloquente, sensuale e traboccante di energia. Se Dante è il teologo e Petrarca l'analista dell'io, D'Annunzio è il poeta-soldato, l'esteta che ha voluto trasformare la propria esistenza nel più grande dei capolavori.
Ecco la trattazione monumentale e approfondita per il tuo sito, strutturata secondo il layout che abbiamo stabilito.

GABRIELE D’ANNUNZIO: L'ESTETA, IL SUPERUOMO E IL VATE DEL SECOLO
1. LA BIOGRAFIA: LA VITA COME UN'OPERA D'ARTE
Gabriele D’Annunzio (Pescara, 1863 – Gardone Riviera, 1938) è stato la figura più influente, ammirata e discussa del primo Novecento italiano. Nessuno come lui ha saputo fondere la produzione letteraria con l'azione politica e la messa in scena del proprio mito personale.
•	L'ascesa nell'alta società romana: Trasferitosi a Roma per studi, diventa presto il protagonista della cronaca mondana. La sua capacità di seduzione, sia nelle relazioni sentimentali che nella scrittura, lo trasforma nel simbolo dell'estetismo. È il periodo del "vivere inimitabile", dove il lusso, l'arte e il piacere sono gli unici valori.
•	L'eroismo bellico: Allo scoppio della Prima Guerra Mondiale, D'Annunzio non si limita a scrivere: agisce. Si arruola come volontario e compie gesta leggendarie (il Volo su Vienna, la Beffa di Buccari) che ne cementano il ruolo di "Vate" (poeta guida). Nel 1919 guida l'occupazione della città di Fiume, un'avventura politica e militare che anticipa molti simboli e linguaggi del secolo successivo.
•	Il Vittoriale degli Italiani: Ritiratosi dalla vita pubblica, trascorre gli ultimi anni nel suo mausoleo-villa sul Garda. Qui, tra cimeli bellici e opere d'arte, costruisce il monumento a se stesso, vivendo come un dio in esilio volontario.

2. IL PENSIERO FILOSOFICO: DALL'ESTETISMO AL SUPEROMISMO
Il pensiero dannunziano evolve attraverso fasi che segnano la storia della cultura europea, influenzato dalle correnti decadenti e dalla filosofia tedesca.
•	L'Esteta (Andrea Sperelli): Nella prima fase, l'eroe dannunziano è un uomo raffinato ma debole, che cerca la bellezza per sfuggire alla banalità del mondo borghese. È un uomo che "si fa opera d'arte" ma che finisce per soccombere alla sua stessa mancanza di volontà.
•	Il Superuomo: Dopo la lettura di Nietzsche (reinterpretato in chiave aristocratica e politica), D'Annunzio approda al mito del Superuomo. Non è più l'esteta sconfitto, ma l'individuo eccezionale che, attraverso la forza, la bellezza e l'azione, ha il diritto e il dovere di dominare la massa e di guidare la nazione verso nuovi destini eroici.

3. LE OPERE: TRA IL PIACERE E LA FUSIONE PANICA
D'Annunzio domina ogni genere letterario: dal romanzo alla lirica, dal teatro alla propaganda.
Il Piacere (1889)
È il manifesto del decadentismo italiano. Il protagonista, Andrea Sperelli, incarna il dissidio tra l'arte e la vita, tra l'amore carnale per Elena Muti e quello spirituale per Maria Ferres. Il romanzo è un'esplosione di descrizioni preziose, oggetti rari e ambienti sofisticati.
Alcyone (1903): Il capolavoro assoluto
Il terzo libro delle Laudi rappresenta il punto più alto della poesia dannunziana. È il diario di un'estate trascorsa in Toscana, ma è soprattutto la celebrazione del Panismo:
•	La fusione con la natura: Il poeta smette di essere uomo e si fonde con gli elementi naturali (pioggia, sabbia, vegetazione).
•	Esempio: Nella celebre lirica La pioggia nel pineto, i volti dei due amanti si trasformano in foglie, i loro cuori in frutti, in una metamorfosi che annulla la distinzione tra umano e naturale.

4. LA POETICA: SENSUALITÀ E PAROLA MAGICA
Se Ariosto cercava l'equilibrio e Dante la verità, D'Annunzio cerca la sensazione.
•	La parola come musica: Per D'Annunzio, la parola non deve solo descrivere, deve evocare. Egli usa un vocabolario sterminato, recuperando termini arcaici, specialistici e rari. La sua poesia è una sinfonia di suoni che deve colpire i sensi prima ancora dell'intelletto.
•	Il registro alto: Non esiste nulla di banale o quotidiano nella sua scrittura. Anche l'evento più semplice viene nobilitato da un linguaggio prezioso e solenne.

5. CONCEZIONE DELLO SPAZIO E DEL TEMPO: L'EPICITÀ DEL MOMENTO
•	Lo Spazio: È sempre uno spazio carico di bellezza o di storia. Che sia la Roma barocca, la pineta toscana o i cieli di Vienna, lo spazio dannunziano è il teatro dove l'eroe manifesta la propria potenza. È uno spazio espansivo, che il poeta vuole conquistare e segnare con la sua presenza.
•	Il Tempo: Il tempo dannunziano è quello del mito. Il poeta cerca di fermare l'istante supremo della bellezza o dell'eroismo per renderlo eterno. Non c'è la riflessione sul passato di Leopardi o la proiezione nell'eterno di Dante; c'è il godimento assoluto del presente, elevato a rito religioso.

6. L'AUTORE COME PERSONAGGIO PUBBLICO
D'Annunzio è il primo scrittore moderno a comprendere l'importanza della comunicazione di massa.
•	Egli progetta la sua immagine per il pubblico: i suoi debiti, i suoi amori (come quello celebre con la divina Eleonora Duse), i suoi duelli e le sue imprese belliche sono tutti parte di una strategia per restare al centro dell'attenzione.
•	Non è solo l'autore di un libro; è il protagonista di un'epoca. Per lui, non c'è separazione tra ciò che scrive e ciò che vive.

CONCLUSIONI: L'EREDITÀ DEL VATE
Gabriele D'Annunzio ha lasciato un'impronta indelebile nella lingua e nel costume italiano. Ha inventato nomi (come Gabriele, Ornella, Cabiria), ha coniato motti, ha influenzato la politica e ha creato uno stile di vita.

