Certamente. Per la pagina dedicata a Giovanni Pascoli, dobbiamo adottare uno stile che sappia rendere la sua duplice natura: da un lato la precisione quasi scientifica nel nominare le cose (fiori, uccelli, strumenti agricoli), dall'altro quell'atmosfera carica di mistero, presagi e simbolismo che avvolge la sua poesia.
Ecco la trattazione monumentale e approfondita per il tuo sito, strutturata per riflettere l'universo del "Fanciullino" e del "Nido".

GIOVANNI PASCOLI: IL POETA DEL MISTERO E L'ECO DEL NIDO
1. LA BIOGRAFIA: IL TRAUMA DEL 10 AGOSTO E LA RELIGIONE DEL DOLORE
La vita di Giovanni Pascoli (San Mauro di Romagna, 1855 – Bologna, 1912) è segnata in modo indelebile da una tragedia che ne condizionerà ogni pensiero, azione e verso: l'uccisione del padre Ruggero.
•	La fine dell'idillio: Il 10 agosto 1867 il padre viene assassinato in circostanze mai del tutto chiarite. Questo evento innesca una serie di lutti a catena (la madre, la sorella, i fratelli) che distruggono la famiglia Pascoli. Per il poeta, il mondo esterno smette di essere un luogo di crescita per diventare uno spazio minaccioso, violento e ingiusto.
•	Il "Nido" familiare: Pascoli dedica tutta la sua vita adulta a ricostruire simbolicamente e materialmente il "nido" originario. Vive in un isolamento quasi simbiotico con le sorelle Ida e Mariù, cercando di recuperare un'infanzia che gli è stata strappata. Ogni tentativo di aprirsi all'esterno (come il matrimonio di Ida o i propri fugaci desideri amorosi) viene vissuto come un tradimento verso i "morti" del nido.
•	L'impegno accademico: Nonostante il trauma, Pascoli percorre una brillante carriera accademica, succedendo a Carducci sulla cattedra di Letteratura Italiana a Bologna. È un intellettuale di altissimo profilo, profondo conoscitore dei classici e fine latinista (vincitore per anni del prestigioso concorso di poesia latina ad Amsterdam).

2. IL PENSIERO FILOSOFICO: IL FANCIULLINO E IL MISTERO DEL COSMO
Pascoli non è un filosofo sistematico, ma la sua visione del mondo è coerente e rivoluzionaria per l'epoca.
•	La poetica del Fanciullino: In un celebre saggio del 1897, Pascoli teorizza che in ogni uomo sopravvive un fanciullo che vede le cose per la prima volta, con stupore. Il poeta è colui che, a differenza degli altri, riesce a dare voce a questo fanciullo. Egli non "inventa" la poesia, ma la "scopre" nelle piccole cose, laddove l'adulto non vede che l'abitudine.
•	Il Simbolismo e l'Ignoto: Sotto l'apparenza di una descrizione realistica della natura, Pascoli nasconde un senso d'angoscia profonda. Le cose (una siepe, un aratro, il suono delle campane) non sono mai solo ciò che sembrano, ma diventano simboli di un mistero cosmico indecifrabile. Il mondo è un luogo pieno di ombre e di messaggi che i morti inviano ai vivi.

3. LE OPERE: DALLA TERRA ALLE STELLE
L'opera di Pascoli è vasta, ma alcune raccolte definiscono il suo posto nella storia.
Myricae (1891)
Il titolo deriva da un verso di Virgilio ("...non a tutti piacciono le umili tamerici"). È la raccolta delle "piccole cose": quadretti di vita campestre, descrizioni di uccelli e piante. Tuttavia, la natura di Myricae è una natura parlante, dove il verso degli uccelli o il colore del cielo sono carichi di presagi di morte o di nostalgia per il padre ucciso.
I Canti di Castelvecchio (1903)
Definiti dallo stesso Pascoli come una continuazione di Myricae, qui il tema del nido e del dialogo con i defunti si fa ancora più insistente. La natura si carica di un simbolismo cupo e affascinante, dove il ritmo delle stagioni serve a scandire il dolore del ricordo.
I Poemi Conviviali
In questa raccolta Pascoli si confronta con il mondo classico (Grecia e Roma), ma lo fa con occhio moderno e decadente. I miti antichi non sono più simboli di forza, ma diventano storie di uomini fragili, stanchi e malinconici, rivelando la modernità del poeta anche nel confronto con l'antico.

4. LA POETICA: IL LINGUAGGIO PRE-GRAMMATICALE E ONOMATOPEICO
Pascoli è forse il più grande innovatore della lingua poetica tra Ottocento e Novecento.
•	La precisione terminologica: Pascoli rifiuta il linguaggio vago. Se descrive un fiore o un uccello, usa il nome esatto (non "fiore", ma "digitale purpurea"; non "uccello", ma "assiuolo"). Questa precisione quasi scientifica serve a "possedere" la realtà.
•	L'Onomatopea: Introduce suoni diretti per evocare la voce della natura. Il "chiù" dell'assiuolo o il "don don" delle campane non sono solo imitazioni, ma servono a creare una musica suggestiva che parla direttamente all'inconscio del lettore.
•	La rottura della sintassi: Usa frasi brevi, punteggiatura insistente, sospensioni. La sua poesia procede per lampi, immagini e analogie, anticipando le avanguardie del Novecento.

5. CONCEZIONE DELLO SPAZIO E DEL TEMPO: IL NIDO E L'INFINITO
•	Lo Spazio: È uno spazio diviso tra il dentro (il nido, la casa, il rifugio rassicurante) e il fuori (la selva, il mondo violento, lo spazio cosmico). Lo spazio aperto è spesso fonte di vertigine e terrore, come si vede in poesie dove descrive la Terra come un "atomo opaco del male".
•	Il Tempo: In Pascoli il tempo è circolare e statico. Il poeta non guarda al futuro, ma è costantemente rivolto al passato. Il tempo della poesia è il tempo del ricordo e del sogno, dove i morti possono tornare a parlare e dove il trauma del 1867 viene rivissuto all'infinito nel tentativo di esorcizzarlo.

6. L'AUTORE COME "POETA DELLE PICCOLE COSE"
A differenza del "Vate" D'Annunzio che voleva dominare il mondo, Pascoli si presenta come un uomo comune, umile, quasi invisibile.
•	La sua forza non risiede nell'eroismo, ma nell'ascolto. Egli ascolta le voci della natura e del mistero che gli altri ignorano.
•	La sua figura di intellettuale è quella del mediatore tra il mondo dei vivi e quello dei morti, un ruolo che svolge con una sensibilità quasi medianica.

CONCLUSIONI: L'EREDITÀ DI PASCOLI
Giovanni Pascoli ha aperto la strada a tutta la poesia moderna. Senza di lui non esisterebbero Montale, i crepuscolari o gli ermetici.

